Type,Name,Request Count,Failure Count,Median Response Time,Average Response Time,Min Response Time,Max Response Time,Average Content Size,Requests/s,Failures/s,50%,66%,75%,80%,90%,95%,98%,99%,99.9%,99.99%,100%
POST,/auth/token,50,0,59,144.95476799987955,15.710799998487346,491.5973000024678,358.08,0.279061773270256,0.0,70,100,310,320,480,490,490,490,490,490,490
GET,/health,30,0,25,65.41171666613081,3.2593999931123108,347.82939999422524,15.0,0.16743706396215358,0.0,28,47,66,100,240,340,350,350,350,350,350
GET,/metrics,12,0,12,36.30610833594498,4.927999994833954,149.00019999186043,473.4166666666667,0.06697482558486144,0.0,18,20,71,71,83,150,150,150,150,150,150
POST,/stream [COLD],427,0,11000,15109.264465808092,257.4432999972487,68043.90039999271,0.0,2.383187543727986,0.0,11000,18000,23000,24000,29000,34000,39000,44000,68000,68000,68000
POST,/stream [HOT],126,0,5800,8215.131668254293,1775.424599996768,25080.19819999754,0.0,0.703235668641045,0.0,6100,9700,12000,12000,17000,19000,23000,24000,25000,25000,25000
,Aggregated,645,0,8900,11622.338419069925,3.2593999931123108,68043.90039999271,37.263565891472865,3.5998968751863023,0.0,8900,12000,18000,22000,26000,31000,38000,42000,68000,68000,68000
