Type,Name,Request Count,Failure Count,Median Response Time,Average Response Time,Min Response Time,Max Response Time,Average Content Size,Requests/s,Failures/s,50%,66%,75%,80%,90%,95%,98%,99%,99.9%,99.99%,100%
POST,/auth/token,100,0,40,43.91095500002848,25.159600001643412,93.3179999992717,357.12,0.8431051261016157,0.0,40,48,52,54,61,69,81,93,93,93,93
GET,/health,336,0,31,54.94735952379415,3.0777000065427274,250.87119999807328,15.0,2.832833223701429,0.0,32,60,83,90,140,170,210,220,250,250,250
GET,/metrics,193,0,39,58.948052332282955,3.8478000060422346,240.574800001923,474.40932642487047,1.6271928933761184,0.0,39,58,81,91,150,190,220,230,240,240,240
POST,/stream [COLD],5585,0,53,79.2547169382301,5.678100002114661,372.56519999937154,0.0,47.08742129277524,0.0,53,83,110,130,190,230,280,300,350,370,370
POST,/stream [HOT],1357,0,52,77.17831842311548,5.739100000937469,366.50050000753254,0.0,11.440936561198924,0.0,52,81,110,130,180,220,260,290,350,370,370
,Aggregated,7571,0,51,76.8193045304862,3.0777000065427274,372.56519999937154,17.476291110817595,63.83148909715332,0.0,51,80,110,130,180,220,270,300,350,370,370
